Sample_ID,Gene,Variant,Protein_Change,Original_AA,Position,New_AA,Drug_Association,Predicted_Effect,Metabolism_Category,Clinical_Action,Evidence_Level
PGx001,CYP2C19,*2 (c.681G>A),p.Arg227Ter,R,227,*,Clopidogrel,Reduced antiplatelet effect — poor metabolizer,Poor Metabolizer,Monitor closely,2B
PGx002,CYP2C19,*3 (c.636G>A),p.Trp212Ter,W,212,*,Proton Pump Inhibitors,Increased drug exposure,Poor Metabolizer,Monitor closely,1A
PGx003,CYP2C19,*17 (c.-806C>T),—,—,—,—,Sertraline,"Reduced exposure, may need dose increase",Ultrarapid Metabolizer,Reduce dose >50%,2A
PGx004,CYP2C19,*1/*2,p.Arg227Ter,R,227,*,Voriconazole,Intermediate metabolizer — standard dose caution,Intermediate Metabolizer,Reduce dose 25-50%,2A
PGx005,CYP2C19,*4 (c.1A>G),p.Met1Val,M,1,V,Escitalopram,Reduced clearance,Poor Metabolizer,Reduce dose 25-50%,3
PGx006,CYP2D6,*4 (c.1846G>A),p.Arg296His,R,296,H,Codeine,No morphine conversion — avoid codeine,Poor Metabolizer,Alternative drug recommended,1B
PGx007,CYP2D6,*10 (c.100C>T),p.Pro34Ser,P,34,S,Tamoxifen,Reduced conversion to endoxifen,Intermediate Metabolizer,Increase dose,2B
PGx008,CYP2D6,*17 (c.1023C>T),p.Thr341Ile,T,341,I,Paroxetine,Reduced clearance in African ancestry,Poor Metabolizer,Reduce dose 25-50%,2A
PGx009,CYP2D6,*2xN (gene duplication),—,—,—,—,Tramadol,Ultrarapid conversion — toxicity risk,Ultrarapid Metabolizer,Monitor closely,1B
PGx010,CYP2D6,*5 (gene deletion),—,—,—,—,Nortriptyline,No enzyme — significantly increased exposure,Poor Metabolizer,Standard dose,1B
PGx011,CYP3A5,*3 (c.6986A>G),p.Asn131Ser,N,131,S,Tacrolimus,Reduced clearance — requires lower dose,Non-Expresser,Reduce dose 25-50%,2B
PGx012,CYP3A5,*1/*3,—,—,—,—,Cyclosporine,Intermediate expresser,Intermediate Expresser,Reduce dose 25-50%,2B
PGx013,DPYD,*2A (c.1905+1G>A),—,—,—,—,5-Fluorouracil,Severe toxicity risk — contraindicated,No Function,Standard dose,2A
PGx014,DPYD,c.2846A>T (p.D949V),p.Asp949Val,D,949,V,Capecitabine,Significantly reduced metabolism,Reduced Function,Reduce dose >50%,1A
PGx015,DPYD,c.1679T>G (p.I560S),p.Ile560Ser,I,560,S,Fluoropyrimidines,Partial enzyme deficiency,Reduced Function,Standard dose,1B
PGx016,TPMT,*3A (c.460G>A + c.719A>G),p.Ala154Thr,A,154,T,Azathioprine,High risk for myelotoxicity,Poor Metabolizer,Standard dose,1B
PGx017,TPMT,*3C (c.719A>G),p.Tyr240Cys,Y,240,C,Mercaptopurine,Increased toxicity risk,Poor Metabolizer,No action required,2A
PGx018,TPMT,*2 (c.238G>C),p.Ala80Pro,A,80,P,Thioguanine,Enzyme deficiency,Poor Metabolizer,Contraindicated,1B
PGx019,CYP2C19,*1/*1,—,—,—,—,Multiple,Normal metabolism,Normal Metabolizer,Increase dose,1B
PGx020,CYP2D6,*1/*1,—,—,—,—,Multiple,Normal metabolism,Normal Metabolizer,Contraindicated,1A
PGx021,CYP3A5,*1/*1,—,—,—,—,Tacrolimus,Normal expresser — standard dosing,Normal Expresser,Standard dose,2A
PGx022,TPMT,*1/*1,—,—,—,—,Multiple,Normal enzyme activity,Normal Metabolizer,Monitor closely,2A
PGx023,DPYD,*1/*1,—,—,—,—,Fluoropyrimidines,Normal DPD activity,Normal Function,Reduce dose 25-50%,2A
PGx024,CYP2C19,*1/*17,—,—,—,—,Clopidogrel,Slightly increased activation,Rapid Metabolizer,Reduce dose 25-50%,2B
PGx025,CYP2D6,*1/*2,—,—,—,—,Tricyclics,Normal to rapid metabolism,Normal Metabolizer,No action required,3
PGx026,TPMT,*1/*3A,p.Ala154Thr,A,154,T,Azathioprine,Intermediate activity — reduce dose,Intermediate Metabolizer,Increase dose,1A
PGx027,DPYD,c.85T>C (p.C29R),p.Cys29Arg,C,29,R,Fluoropyrimidines,Uncertain functional impact,Uncertain Function,No action required,3
PGx028,CYP2C19,*2/*2,p.Arg227Ter,R,227,*,All CYP2C19 drugs,Complete poor metabolizer,Poor Metabolizer,Reduce dose >50%,2A
PGx029,CYP2D6,*4/*5,p.Arg296His,R,296,H,Opioids,Poor metabolizer — gene deletion compound,Poor Metabolizer,Reduce dose >50%,2A
PGx030,CYP3A5,*3/*3,p.Asn131Ser,N,131,S,Immunosuppressants,Non-expresser — reduce dose by ~50%,Non-Expresser,Reduce dose 25-50%,3
